File Name,Date,Commits,Added Lines,Removed Lines,Churn
.gitignore,2021-10-18 20:26:18+01:00,1,5,1,6
.htaccess,2021-08-17 13:49:18+01:00,2,6,3,9
.pre-commit-config.yaml,2021-11-08 12:37:27+00:00,1,6,0,6
.zuul.yaml,2021-05-26 19:35:29+01:00,10,67,20,87
067_train.py,2021-06-16 10:10:29+01:00,3,318,325,643
068_placeholder.py,2021-08-09 15:34:40+01:00,1,0,0,0
069_placeholder.py,2021-08-09 15:34:40+01:00,1,0,0,0
070_placeholder.py,2021-08-09 15:34:40+01:00,1,0,0,0
071_placeholder.py,2021-08-09 15:34:40+01:00,1,0,0,0
072_placeholder.py,2021-08-09 15:34:40+01:00,1,0,0,0
073_placeholder.py,2021-08-09 15:34:40+01:00,1,0,0,0
074_placeholder.py,2021-08-09 15:34:40+01:00,1,0,0,0
075_placeholder.py,2021-08-09 15:34:40+01:00,1,0,0,0
076_placeholder.py,2021-08-09 15:34:40+01:00,1,0,0,0
077_placeholder.py,2021-08-09 15:34:40+01:00,1,0,0,0
078_placeholder.py,2021-08-09 15:34:40+01:00,1,0,0,0
079_placeholder.py,2021-08-09 15:34:40+01:00,1,0,0,0
080_placeholder.py,2021-08-09 15:34:40+01:00,1,0,0,0
081_placeholder.py,2021-08-09 15:34:40+01:00,1,0,0,0
082_placeholder.py,2021-08-09 15:34:40+01:00,1,0,0,0
083_placeholder.py,2021-08-09 15:34:40+01:00,1,0,0,0
084_placeholder.py,2021-08-09 15:34:40+01:00,1,0,0,0
085_placeholder.py,2021-08-09 15:34:40+01:00,1,0,0,0
086_placeholder.py,2021-08-09 15:34:40+01:00,1,0,0,0
087_placeholder.py,2021-08-09 15:34:40+01:00,1,0,0,0
16f1fbcab42b_resolve_shadow_table_diffs.py,2021-09-24 12:14:41+01:00,1,62,0,62
402_train.py,2021-06-16 10:10:29+01:00,8,1211,1302,2513
403_placeholder.py,2021-07-05 11:05:04+01:00,1,0,0,0
404_placeholder.py,2021-07-05 11:05:04+01:00,1,0,0,0
405_placeholder.py,2021-07-05 11:05:04+01:00,1,0,0,0
406_placeholder.py,2021-07-05 11:05:04+01:00,1,0,0,0
407_placeholder.py,2021-07-05 11:05:04+01:00,1,0,0,0
408_placeholder.py,2021-07-05 11:05:04+01:00,1,0,0,0
409_placeholder.py,2021-07-05 11:05:04+01:00,1,0,0,0
410_placeholder.py,2021-07-05 11:05:04+01:00,1,0,0,0
411_placeholder.py,2021-07-05 11:05:04+01:00,1,0,0,0
412_placeholder.py,2021-07-05 11:05:04+01:00,1,0,0,0
413_placeholder.py,2021-07-05 11:05:04+01:00,1,0,0,0
414_placeholder.py,2021-07-05 11:05:04+01:00,1,0,0,0
415_placeholder.py,2021-07-05 11:05:04+01:00,1,0,0,0
416_placeholder.py,2021-07-05 11:05:04+01:00,1,0,0,0
417_placeholder.py,2021-07-05 11:05:04+01:00,1,0,0,0
418_placeholder.py,2021-07-05 11:05:04+01:00,1,0,0,0
419_placeholder.py,2021-07-05 11:05:04+01:00,1,0,0,0
420_placeholder.py,2021-07-05 11:05:04+01:00,1,0,0,0
421_placeholder.py,2021-07-05 11:05:04+01:00,1,0,0,0
422_placeholder.py,2021-07-05 11:05:04+01:00,1,0,0,0
8f2f1571d55b_initial_version.py,2021-08-09 15:34:40+01:00,3,1653,26,1679
HACKING.rst,2021-09-01 12:26:52+01:00,1,3,0,3
ImageMetaPropsPayload.json,2021-09-02 17:46:22+01:00,1,1,1,2
README,2021-07-05 11:05:04+01:00,2,0,0,0
README.rst,2021-08-09 15:34:40+01:00,2,30,0,30
__init__.py,2021-05-10 19:18:30+00:00,16,32,16,48
accelerator-support.rst,2021-08-17 10:25:20+08:00,1,54,0,54
add-attachment-id-to-os-volume-attachments-a23818d5b11f15a1.yaml,2021-08-24 12:07:41+01:00,1,8,0,8
add-nova-manage-bdm-commands-19f360dd85c1e81d.yaml,2021-08-25 10:26:07+01:00,1,16,0,16
addresses.py,2021-08-19 11:16:59+01:00,1,8,6,14
admin_only_action_common.py,2021-08-05 15:58:41+08:00,1,2,1,3
aggregate.py,2021-07-05 11:04:42+01:00,4,29,30,59
aggregates.py,2021-08-19 11:16:59+01:00,2,3,2,5
alembic.ini,2021-08-09 15:34:40+01:00,3,180,2,182
api.py,2021-06-16 10:10:29+01:00,26,1132,2140,3272
api.rst,2021-05-31 10:43:49+02:00,1,1,1,2
api_models.py,2021-07-05 11:04:42+01:00,1,306,287,593
api_paste.py,2021-05-12 16:32:43+01:00,1,1,1,2
api_sample_base.py,2021-05-12 16:32:43+01:00,1,1,1,2
api_version_request.py,2021-08-24 12:07:41+01:00,1,5,1,6
archive-sleep-a0cc3d3e7784e5df.yaml,2021-09-02 13:55:46+02:00,1,11,0,11
archive-task-logs-fa9dd7c5859b5e30.yaml,2021-06-17 01:57:12+00:00,2,27,2,29
attach-volume-to-server-req.json,2021-08-24 12:07:41+01:00,1,7,0,7
attach-volume-to-server-req.json.tpl,2021-08-24 12:07:41+01:00,1,7,0,7
attach-volume-to-server-resp.json,2021-08-24 12:07:41+01:00,1,10,0,10
attach-volume-to-server-resp.json.tpl,2021-08-24 12:07:41+01:00,1,10,0,10
attach_interfaces.py,2021-07-04 16:00:55-05:00,4,20,24,44
availability-zones.rst,2021-06-01 15:11:50+01:00,1,4,6,10
availability_zone_filter.py,2021-06-01 15:11:50+01:00,1,15,0,15
b30f573d3377_remove_unused_build_requests_columns.py,2021-10-18 20:26:18+01:00,1,45,0,45
bandwidth_usage.py,2021-08-09 15:34:40+01:00,1,1,1,2
baremetal_nodes.py,2021-07-04 16:00:55-05:00,1,9,11,20
base.py,2021-05-12 16:32:43+01:00,9,51,58,109
bindep.txt,2021-06-18 12:34:27+01:00,1,5,3,8
block-device-structs.rst,2021-08-20 13:26:46+01:00,1,15,12,27
block_device.py,2021-08-09 15:34:40+01:00,2,17,69,86
bochs-ffaa289da97d08c8.yaml,2021-09-02 17:46:22+01:00,1,7,0,7
bug-1821755-7bd03319e34b6b10.yaml,2021-06-01 11:29:38-03:00,1,11,0,11
bug-1829479-cd2db21526965e6d.yaml,2021-10-26 19:26:19+09:00,1,8,0,8
bug-1853009-99414e14d1491b5f.yaml,2021-08-20 14:57:45+01:00,1,7,0,7
bug-1910466-max-vcpu-topologies-with-numa-9a9ceb1b0fc7c33d.yaml,2021-06-18 12:34:22+01:00,1,23,0,23
bug-1939604-547c729b7741831b.yaml,2021-08-18 09:51:04-03:00,1,5,0,5
build_request.py,2021-08-09 15:34:40+01:00,3,11,10,21
cast_as_call.py,2021-05-12 16:32:43+01:00,1,4,4,8
cell_mapping.py,2021-07-05 11:04:42+01:00,4,34,34,68
check-cherry-picks.sh,2021-06-16 15:51:38+01:00,2,5,5,10
checks.py,2021-08-09 15:34:40+01:00,2,64,2,66
cinder.py,2021-05-13 14:28:33+01:00,9,513,121,634
claims.py,2021-07-05 09:10:23+08:00,2,3,0,3
common.py,2021-05-12 10:50:52+08:00,2,3,21,24
compute.py,2021-07-19 11:48:05+02:00,2,5,3,8
compute_node.py,2021-07-05 11:04:42+01:00,3,24,13,37
conf.py,2021-05-12 11:30:41+01:00,2,1,0,1
config.py,2021-05-26 17:26:05+01:00,5,17,4,21
console-proxy-reject-open-redirect-4ac0a7895acca7eb.yaml,2021-05-14 17:26:00+02:00,1,19,0,19
console_auth_token.py,2021-08-09 15:34:40+01:00,1,1,1,2
constants.py,2021-08-21 09:48:37+02:00,2,2,0,2
context.py,2021-08-09 15:34:40+01:00,1,1,1,2
convert-features-not-implemented-return-code-bf8beea51705271b.yaml,2021-09-01 09:09:58-05:00,1,8,0,8
cpu-topologies.rst,2021-07-27 16:55:57+01:00,3,5,5,10
cross_cell_migrate.py,2021-11-08 12:37:27+00:00,1,1,0,1
cyborg.py,2021-05-13 14:28:33+01:00,4,524,95,619
d67eeaabee36_initial_version.py,2021-08-09 15:34:40+01:00,2,607,4,611
database-migrations.rst,2021-08-17 13:49:18+01:00,1,187,0,187
database.py,2021-08-09 15:34:39+01:00,3,36,98,134
deferred_delete.py,2021-07-04 16:00:55-05:00,1,9,11,20
deprecate-AZ-filter-28406abc0135c1c3.yaml,2021-06-01 15:11:50+01:00,1,18,0,18
deprecate-image-download-ext-point-cd5809e11bbd09d3.yaml,2021-05-31 10:43:49+02:00,1,1,1,2
deprecate-xen-driver-train-bd57a16fa51ab679.yaml,2021-05-31 10:43:49+02:00,1,1,1,2
designer.py,2021-06-07 18:29:32+01:00,1,7,3,10
devices.py,2021-08-03 16:54:54+02:00,3,40,25,65
devspec.py,2021-11-08 12:37:27+00:00,1,1,0,1
driver.py,2021-05-26 17:26:05+01:00,28,759,690,1449
drop-database-use_db_reconnect-opt-7e0062d3da76032a.yaml,2021-08-09 15:34:40+01:00,1,9,0,9
drop-oslo_db-use_tpool-48542a28d10e1bae.yaml,2021-07-05 11:10:10+01:00,1,8,0,8
ds_util.py,2021-08-18 10:54:42+02:00,1,45,46,91
ec2.py,2021-08-09 15:34:40+01:00,1,1,1,2
env.py,2021-08-09 15:34:40+01:00,6,317,77,394
evacuate.py,2021-08-05 15:58:41+08:00,5,13,18,31
event.py,2021-11-08 12:37:27+00:00,1,1,0,1
eventlet-profiling.rst,2021-06-29 12:24:41+01:00,3,31,73,104
eventlet_utils.py,2021-11-08 12:37:27+00:00,1,1,0,1
exception.py,2021-06-16 10:10:29+01:00,11,70,48,118
extended_server_attributes.py,2021-08-26 10:54:25+01:00,1,2,1,3
extra-specs.rst,2021-08-23 16:45:37+01:00,1,1,1,2
fake.py,2021-06-02 15:41:51+01:00,5,15,8,23
fake_adapter.py,2021-11-08 12:37:27+00:00,1,1,0,1
fake_network.py,2021-08-09 15:34:40+01:00,1,3,2,5
fake_notifier.py,2021-06-10 18:07:47+02:00,1,0,153,153
fake_server_actions.py,2021-08-09 15:34:40+01:00,1,4,2,6
fakes.py,2021-05-20 16:57:24+01:00,7,11,177,188
feature_matrix.py,2021-11-08 12:37:27+00:00,1,1,0,1
fields.py,2021-09-02 17:46:22+01:00,1,2,1,3
filter-scheduler.rst,2021-08-23 16:45:37+01:00,1,0,630,630
filter_scheduler.py,2021-06-29 11:40:04+01:00,3,10,503,513
filters.py,2021-11-08 12:37:27+00:00,1,1,0,1
fix-ironic-compute-restart-port-attachments-3282e9ea051561d4.yaml,2021-11-03 05:57:08-07:00,1,11,0,11
fix-pci-passthrough-for-cavium-thunderx-8fbd1c40718569e2.yaml,2021-06-28 12:48:26+00:00,1,12,0,12
flavor.py,2021-07-05 11:04:42+01:00,4,33,33,66
flavor_access.py,2021-07-04 16:00:55-05:00,1,8,8,16
flavors.py,2021-07-05 11:10:09+01:00,2,11,9,20
flavors.rst,2021-08-23 16:45:37+01:00,1,1,7,8
floating_ips.py,2021-07-04 16:00:55-05:00,1,13,23,36
fs.py,2021-06-15 12:39:26+02:00,1,11,4,15
generate-schemas,2021-08-09 15:34:40+01:00,2,1,124,125
generic_mdevs-0e1b3ef8385f7fae.yaml,2021-08-03 16:54:54+02:00,1,13,0,13
generic_mdevs_2-d1b1c71e8035527f.yaml,2021-08-27 14:52:01+01:00,1,10,0,10
glance.py,2021-05-13 14:28:33+01:00,1,335,0,335
gmr.rst,2021-10-14 09:23:08+03:00,1,27,4,31
guestfs.py,2021-11-08 12:37:27+00:00,1,1,0,1
hardware.py,2021-05-26 19:35:31+01:00,2,5,126,131
host.py,2021-06-28 12:48:26+00:00,3,29,11,40
host_manager.py,2021-06-29 12:22:29+01:00,2,7,6,13
host_mapping.py,2021-07-05 11:04:42+01:00,4,14,14,28
hosts.py,2021-07-04 16:00:55-05:00,2,14,23,37
how-to-get-involved.rst,2021-09-19 11:09:27+09:00,1,2,2,4
hw.py,2021-07-27 16:55:57+01:00,1,130,64,194
hw_rng.py,2021-07-27 16:55:57+01:00,1,1,1,2
hypervisors.py,2021-07-04 16:00:55-05:00,2,16,27,43
image.py,2021-09-02 17:46:22+01:00,1,2,1,3
image_meta.py,2021-05-20 16:57:24+01:00,2,17,1,18
imagebackend.py,2021-05-24 11:00:29+01:00,2,20,18,38
index.rst,2021-05-31 15:07:41+01:00,4,10,10,20
instance.py,2021-07-05 11:04:42+01:00,2,16,16,32
instance_action.py,2021-08-09 15:34:40+01:00,1,1,1,2
instance_actions.py,2021-07-04 16:00:55-05:00,2,14,11,25
instance_fault.py,2021-08-09 15:34:40+01:00,1,1,1,2
instance_group.py,2021-07-05 11:04:42+01:00,4,19,20,39
instance_info_cache.py,2021-08-09 15:34:40+01:00,1,1,1,2
instance_list.py,2021-08-09 15:34:40+01:00,1,1,1,2
instance_mapping.py,2021-07-05 11:04:42+01:00,4,35,38,73
instance_numa.py,2021-06-18 12:34:22+01:00,2,3,1,4
instance_pci_requests.py,2021-08-09 15:34:40+01:00,1,1,1,2
instance_usage_audit_log.py,2021-07-04 16:00:55-05:00,1,9,11,20
integrated_helpers.py,2021-05-12 16:32:43+01:00,11,111,54,165
ips.py,2021-08-19 11:16:59+01:00,1,2,6,8
iscsi.py,2021-07-15 18:45:54-04:00,1,1,2,3
iser.py,2021-11-08 12:37:27+00:00,1,1,0,1
keypair.py,2021-08-09 15:34:40+01:00,4,39,74,113
launch-instance-from-volume.rst,2021-07-07 13:29:07+00:00,1,260,241,501
libvirt-disable-apic-39599bdc2d110a1f.yaml,2021-08-20 13:35:53+01:00,1,13,0,13
libvirt-distro-support-matrix.rst,2021-05-20 17:33:35+01:00,2,30,9,39
libvirt-vmcoreinfo-3be69e21dfe7dbd2.yaml,2021-05-26 17:26:05+01:00,1,10,0,10
libvirt-workarounds-disable_native_luksv1-18773636b414970e.yaml,2021-09-01 12:50:23+01:00,1,6,0,6
libvirt-workarounds-remove-rbd_volume_local_attach-ebdf9cf313344a45.yaml,2021-09-01 12:50:23+01:00,1,6,0,6
libvirt.py,2021-05-19 10:29:56+02:00,4,33,15,48
libvirt_data.py,2021-05-24 11:00:29+01:00,2,3,1,4
libvirt_imagebackend.py,2021-05-24 11:00:59+01:00,1,1,1,2
limits.py,2021-07-04 16:00:55-05:00,1,8,7,15
list-volume-attachments-resp.json,2021-08-24 12:07:41+01:00,1,22,0,22
list-volume-attachments-resp.json.tpl,2021-08-24 12:07:41+01:00,1,22,0,22
live_migrate.py,2021-08-27 17:59:18+02:00,1,9,11,20
lower-constraints.txt,2021-05-19 10:29:56+02:00,7,8,7,15
manage-volumes.rst,2021-09-15 10:26:39+01:00,1,143,0,143
manage.py,2021-06-17 01:57:12+00:00,14,661,227,888
manager.py,2021-06-01 11:29:38-03:00,23,903,216,1119
microversion-2-90-59fb6d4ec420b9f4.yaml,2021-08-26 10:54:25+01:00,1,8,0,8
microversions.py,2021-11-08 12:37:27+00:00,1,1,1,2
middleware.py,2021-06-15 07:35:36-04:00,1,6,2,8
migrate.cfg,2021-07-05 11:05:04+01:00,2,0,0,0
migrate.py,2021-06-29 12:24:41+01:00,2,11,6,17
migrate_data.py,2021-06-18 18:14:39+01:00,1,4,1,5
migrate_server.py,2021-08-05 15:58:41+08:00,5,30,34,64
migration.py,2021-06-07 18:29:32+01:00,14,314,345,659
migration_context.py,2021-08-09 15:34:40+01:00,1,1,1,2
migration_list.py,2021-08-09 15:34:40+01:00,1,1,1,2
minimize-bug-1841481-race-window-f76912d4985770ad.yaml,2021-07-02 13:02:02-07:00,1,13,0,13
model.py,2021-08-05 15:58:25+08:00,2,25,1,26
models.py,2021-07-05 11:04:42+01:00,9,741,902,1643
mount.py,2021-11-08 12:37:27+00:00,1,1,0,1
multi_cell_list.py,2021-11-08 12:37:27+00:00,1,2,0,2
multinic.py,2021-07-04 16:00:55-05:00,1,9,11,20
net.py,2021-09-01 12:50:23+01:00,2,4,37,41
netconf.py,2021-05-19 10:29:56+02:00,1,1,1,2
network_request.py,2021-08-05 15:58:25+08:00,1,18,4,22
networking.rst,2021-05-25 16:45:51+01:00,2,4,8,12
networks.py,2021-07-04 16:00:55-05:00,1,9,11,20
neutron.py,2021-05-12 10:50:52+08:00,24,1506,406,1912
notification_sample_base.py,2021-05-24 11:00:59+01:00,1,14,15,29
notifications.py,2021-05-24 11:00:59+01:00,4,249,10,259
nova-config-generator.conf,2021-07-05 11:10:10+01:00,3,1,2,3
nova-manage.rst,2021-06-17 01:57:12+00:00,7,166,3,169
nova-status.rst,2021-08-21 10:00:51+02:00,1,4,0,4
nova.py,2021-05-12 11:30:41+01:00,15,240,1790,2030
null.py,2021-07-27 16:55:57+01:00,1,4,4,8
orphaned-allocations.rst,2021-08-06 15:58:39+02:00,2,42,2,44
os-cells.inc,2021-08-25 16:53:47+08:00,1,14,0,14
os-volume-attachments.inc,2021-08-24 12:07:41+01:00,1,11,7,18
os.py,2021-07-27 16:55:57+01:00,1,1,1,2
os_brick.py,2021-05-24 11:00:59+01:00,2,40,6,46
overview.rst,2021-06-09 13:39:43-04:00,1,8,0,8
parameter_types.py,2021-08-19 11:16:59+01:00,1,1,8,9
parameters.yaml,2021-08-23 16:45:37+01:00,3,26,11,37
pci_device.py,2021-08-09 15:34:40+01:00,1,4,5,9
pci_passthrough.py,2021-07-27 16:55:57+01:00,1,8,3,11
policy-concepts.rst,2021-06-03 09:46:18-05:00,1,63,0,63
policy.py,2021-05-12 16:32:43+01:00,3,4,2,6
port_with_resource_request.rst,2021-08-21 09:49:54+02:00,5,28,18,46
ports-with-resource-requests.rst,2021-08-21 09:49:54+02:00,5,42,17,59
post_test_hook.sh,2021-11-01 11:26:55+00:00,2,40,40,80
process.rst,2021-05-20 13:23:38+02:00,2,73,5,78
provider_tree.py,2021-11-08 12:37:27+00:00,1,1,0,1
quota.py,2021-07-05 11:04:42+01:00,5,126,39,165
quotas.py,2021-08-09 15:34:40+01:00,3,85,77,162
rbd_utils.py,2021-05-11 17:28:56+02:00,2,10,1,11
redirect-tests.txt,2021-08-17 13:49:18+01:00,2,6,3,9
remove-caching-scheduler-cfe0985b5a58bef4.yaml,2021-05-31 10:43:49+02:00,1,2,2,4
remove-deprecated-scheduler-opts-37afb63a94e8b47e.yaml,2021-08-23 16:52:28+01:00,1,17,0,17
report.py,2021-08-12 14:26:45+01:00,4,76,18,94
request_spec.py,2021-05-28 14:26:56+02:00,8,120,19,139
requestlog.py,2021-06-09 22:20:38+00:00,1,13,1,14
require-placemnet-api-microversion-1.36-1129fe4afc949075.yaml,2021-08-21 10:00:51+02:00,1,7,0,7
requirements.txt,2021-05-19 10:29:56+02:00,6,7,10,17
rescue.py,2021-07-04 16:00:55-05:00,2,8,10,18
reserve-migrations.py,2021-07-05 11:05:04+01:00,3,2,77,79
resource.py,2021-08-09 15:34:40+01:00,1,1,1,2
resource_tracker.py,2021-08-12 14:26:45+01:00,3,25,3,28
rest_api_version_history.rst,2021-08-24 12:07:41+01:00,1,11,0,11
routes.py,2021-11-08 12:37:27+00:00,1,1,0,1
rpcapi.py,2021-09-02 13:09:08+00:00,1,1,0,1
scaleio.py,2021-11-08 12:37:27+00:00,1,1,0,1
scheduler-hints-vs-flavor-extra-specs.rst,2021-08-23 16:45:37+01:00,1,1,1,2
scheduler.py,2021-06-01 15:11:50+01:00,2,15,26,41
schedulers.rst,2021-06-01 15:11:50+01:00,2,7,1053,1060
scheduling.rst,2021-08-23 16:45:37+01:00,1,1417,1,1418
schema_diff.py,2021-07-05 11:05:04+01:00,2,1,284,285
script.py.mako,2021-08-09 15:34:40+01:00,3,72,8,80
secure-live-migration-with-qemu-native-tls.rst,2021-06-21 15:04:43+08:00,1,1,1,2
security_group.py,2021-08-09 15:34:40+01:00,1,3,4,7
security_groups.py,2021-07-04 16:00:55-05:00,1,17,35,52
serialconsolehandler.py,2021-11-08 12:37:27+00:00,1,1,0,1
server_groups.py,2021-08-24 08:43:50+02:00,1,1,1,2
server_password.py,2021-07-04 16:00:55-05:00,2,10,11,21
servers.py,2021-06-02 20:27:09-05:00,13,195,141,336
service.py,2021-08-05 15:58:41+08:00,6,21,6,27
services.py,2021-07-04 16:00:55-05:00,4,34,20,54
shelve.py,2021-08-05 15:58:41+08:00,4,24,22,46
smartnic-support-0339efe4b68075fe.yaml,2021-08-05 15:58:41+08:00,1,9,0,9
status.py,2021-07-05 11:04:42+01:00,4,18,16,34
support-port-resource-request-groups-neutron-api-extension-70a902b79f735cff.yaml,2021-11-02 10:23:58+00:00,1,17,0,17
suspend_server.py,2021-08-05 15:58:41+08:00,2,4,8,12
switch-to-alembic-ed5c64f62b6c91a3.yaml,2021-08-09 15:34:40+01:00,1,25,0,25
tag.py,2021-08-09 15:34:40+01:00,1,1,1,2
task_log.py,2021-08-09 15:34:40+01:00,1,1,1,2
tenant_networks.py,2021-07-04 16:00:55-05:00,1,9,11,20
test-requirements.txt,2021-06-09 15:18:47+01:00,1,1,0,1
test-setup.sh,2021-06-18 12:34:27+01:00,1,35,0,35
test.py,2021-05-12 10:50:52+08:00,7,17,10,27
test_aggregate.py,2021-05-24 11:00:59+01:00,5,40,42,82
test_aggregate_model.py,2021-08-09 15:34:40+01:00,2,2,2,4
test_aggregates.py,2021-05-12 16:32:43+01:00,2,1,10,11
test_api.py,2021-05-20 16:57:24+01:00,17,682,615,1297
test_api_validation.py,2021-08-19 11:16:59+01:00,1,4,48,52
test_archive.py,2021-06-17 01:57:12+00:00,3,78,26,104
test_attach_interfaces.py,2021-05-12 16:32:43+01:00,3,20,2,22
test_availability_zone.py,2021-08-09 15:34:40+01:00,1,1,1,2
test_availability_zones.py,2021-05-12 16:32:43+01:00,2,4,4,8
test_bandwidth_usage.py,2021-08-09 15:34:40+01:00,1,1,1,2
test_block_device.py,2021-08-09 15:34:40+01:00,2,7,105,112
test_boot_from_volume.py,2021-05-12 16:32:43+01:00,1,1,2,3
test_bug_1522536.py,2021-05-12 16:32:43+01:00,1,2,4,6
test_bug_1541691.py,2021-05-12 16:32:43+01:00,1,1,2,3
test_bug_1548980.py,2021-05-12 16:32:43+01:00,1,2,4,6
test_bug_1552888.py,2021-05-12 16:32:43+01:00,1,1,2,3
test_bug_1554631.py,2021-05-12 16:32:43+01:00,1,3,3,6
test_bug_1558866.py,2021-05-12 16:32:43+01:00,1,1,2,3
test_bug_1595962.py,2021-05-12 16:32:43+01:00,2,4,6,10
test_bug_1620248.py,2021-05-12 16:32:43+01:00,1,2,4,6
test_bug_1670627.py,2021-05-12 16:32:43+01:00,1,2,4,6
test_bug_1671648.py,2021-05-12 16:32:43+01:00,2,2,17,19
test_bug_1675570.py,2021-05-12 16:32:43+01:00,2,10,87,97
test_bug_1679750.py,2021-05-12 16:32:43+01:00,1,1,2,3
test_bug_1682693.py,2021-05-12 16:32:43+01:00,1,1,2,3
test_bug_1689692.py,2021-05-12 16:32:43+01:00,1,5,6,11
test_bug_1702454.py,2021-05-12 16:32:43+01:00,1,5,6,11
test_bug_1713783.py,2021-05-12 16:32:43+01:00,3,5,7,12
test_bug_1718455.py,2021-05-12 16:32:43+01:00,1,1,2,3
test_bug_1718512.py,2021-05-12 16:32:43+01:00,2,2,2,4
test_bug_1719730.py,2021-05-12 16:32:43+01:00,2,2,2,4
test_bug_1735407.py,2021-05-12 16:32:43+01:00,2,5,7,12
test_bug_1741125.py,2021-06-29 11:40:04+01:00,1,0,14,14
test_bug_1741307.py,2021-05-12 16:32:43+01:00,2,1,102,103
test_bug_1746483.py,2021-05-12 16:32:43+01:00,2,2,2,4
test_bug_1764556.py,2021-05-12 16:32:43+01:00,3,3,3,6
test_bug_1764883.py,2021-05-12 16:32:43+01:00,2,1,5,6
test_bug_1778305.py,2021-08-09 15:34:40+01:00,1,1,1,2
test_bug_1780373.py,2021-05-12 16:32:43+01:00,2,2,2,4
test_bug_1781286.py,2021-05-12 16:32:43+01:00,3,10,10,20
test_bug_1781710.py,2021-05-12 16:32:43+01:00,3,13,12,25
test_bug_1784353.py,2021-05-12 16:32:43+01:00,1,1,2,3
test_bug_1790204.py,2021-06-29 12:24:41+01:00,1,3,2,5
test_bug_1797580.py,2021-05-12 16:32:43+01:00,1,1,2,3
test_bug_1806064.py,2021-05-12 16:32:43+01:00,1,1,2,3
test_bug_1806515.py,2021-05-24 11:00:59+01:00,1,0,3,3
test_bug_1815153.py,2021-05-12 16:32:43+01:00,1,1,2,3
test_bug_1825034.py,2021-08-09 15:34:40+01:00,1,1,1,2
test_bug_1835822.py,2021-05-12 16:32:43+01:00,2,3,5,8
test_bug_1837955.py,2021-05-24 11:00:59+01:00,1,2,3,5
test_bug_1839560.py,2021-08-09 15:34:40+01:00,2,2,1,3
test_bug_1843090.py,2021-05-24 11:00:59+01:00,1,0,3,3
test_bug_1843708.py,2021-05-24 11:00:59+01:00,1,1,2,3
test_bug_1849409.py,2021-11-08 12:37:27+00:00,1,1,0,1
test_bug_1852458.py,2021-05-12 16:32:43+01:00,2,2,2,4
test_bug_1853009.py,2021-08-12 14:26:45+01:00,5,240,69,309
test_bug_1862633.py,2021-05-24 11:00:59+01:00,1,3,4,7
test_bug_1888395.py,2021-05-24 11:00:29+01:00,2,5,9,14
test_bug_1893284.py,2021-05-12 16:32:43+01:00,2,2,2,4
test_bug_1894966.py,2021-11-08 12:37:27+00:00,1,1,0,1
test_bug_1899649.py,2021-05-24 11:00:29+01:00,1,1,1,2
test_bug_1902925.py,2021-05-12 16:32:43+01:00,1,3,2,5
test_bug_1914777.py,2021-05-12 16:32:43+01:00,2,2,2,4
test_bug_1928063.py,2021-05-14 12:52:06+01:00,3,72,11,83
test_bug_1937375.py,2021-08-04 12:37:43+01:00,3,104,27,131
test_bug_1938326.py,2021-08-05 10:13:47+01:00,4,159,19,178
test_bug_1939545.py,2021-08-11 19:51:19+01:00,5,117,37,154
test_bug_1943431.py,2021-09-30 14:50:45+01:00,2,180,29,209
test_cache_image.py,2021-05-24 11:00:59+01:00,1,6,6,12
test_cinder.py,2021-07-26 17:15:30+01:00,2,25,19,44
test_claims.py,2021-08-09 15:34:40+01:00,1,2,2,4
test_cold_migrate.py,2021-05-24 11:00:59+01:00,1,1,2,3
test_common.py,2021-08-09 15:34:40+01:00,1,0,11,11
test_compute.py,2021-05-13 14:28:33+01:00,17,388,284,672
test_compute_mgr.py,2021-05-12 16:32:43+01:00,16,340,87,427
test_compute_node.py,2021-08-09 15:34:40+01:00,2,33,19,52
test_compute_task.py,2021-05-24 11:00:59+01:00,1,11,12,23
test_compute_utils.py,2021-05-24 11:00:59+01:00,3,57,40,97
test_conductor.py,2021-05-12 16:32:43+01:00,13,362,68,430
test_conf.py,2021-08-09 15:34:40+01:00,2,10,5,15
test_conf_max_attach_disk_devices.py,2021-08-04 12:37:43+01:00,1,0,14,14
test_config.py,2021-05-24 11:00:29+01:00,2,19,1,20
test_configdrive.py,2021-05-20 16:57:24+01:00,1,5,0,5
test_console_auth_token.py,2021-08-09 15:34:40+01:00,1,7,7,14
test_context.py,2021-08-09 15:34:40+01:00,1,3,3,6
test_cross_az_attach.py,2021-05-12 16:32:43+01:00,1,1,2,3
test_cross_cell.py,2021-06-29 12:24:41+01:00,1,1,1,2
test_cross_cell_migrate.py,2021-05-12 16:32:43+01:00,4,23,25,48
test_cyborg.py,2021-08-05 15:58:23+08:00,2,121,11,132
test_db_api.py,2021-06-16 10:10:29+01:00,5,140,49,189
test_designer.py,2021-05-24 11:00:29+01:00,2,3,3,6
test_devices.py,2021-08-03 16:54:54+02:00,2,9,7,16
test_disk_config.py,2021-08-09 15:34:40+01:00,1,1,1,2
test_driver.py,2021-05-20 16:57:24+01:00,27,868,1539,2407
test_driver_api.py,2021-05-20 16:57:24+01:00,4,3,5,8
test_ds_util.py,2021-08-18 10:54:42+02:00,1,14,14,28
test_ds_util_datastore_selection.py,2021-08-18 10:54:42+02:00,1,10,12,22
test_ec2.py,2021-08-09 15:34:40+01:00,1,1,1,2
test_evacuate.py,2021-05-24 11:00:29+01:00,6,31,14,45
test_evacuate.sh,2021-06-15 17:35:20+01:00,1,0,164,164
test_exception_notification.py,2021-05-24 11:00:59+01:00,1,3,4,7
test_exception_wrapper.py,2021-05-24 11:00:59+01:00,2,11,11,22
test_external_networks.py,2021-05-12 16:32:43+01:00,2,2,2,4
test_filter_scheduler.py,2021-06-29 12:23:32+01:00,1,0,17,17
test_fixtures.py,2021-05-12 11:30:41+01:00,4,23,23,46
test_flavor.py,2021-05-24 11:00:59+01:00,6,20,18,38
test_flavor_manage.py,2021-05-12 16:32:43+01:00,2,9,9,18
test_flavor_model.py,2021-08-09 15:34:40+01:00,2,2,2,4
test_flavors.py,2021-07-05 11:10:09+01:00,2,13,11,24
test_fs.py,2021-06-15 12:39:26+02:00,1,4,2,6
test_guest.py,2021-05-24 11:00:29+01:00,1,5,4,9
test_hacking.py,2021-09-01 12:26:52+01:00,2,67,0,67
test_hardware.py,2021-05-26 19:35:31+01:00,2,24,165,189
test_host.py,2021-05-24 11:00:29+01:00,2,23,5,28
test_host_api.py,2021-05-24 11:00:59+01:00,4,120,129,249
test_host_manager.py,2021-06-29 12:22:29+01:00,1,85,39,124
test_hosts.py,2021-08-09 15:34:40+01:00,1,4,4,8
test_hypervisors.py,2021-08-09 15:34:40+01:00,1,1,1,2
test_identity.py,2021-11-08 12:37:27+00:00,1,1,0,1
test_image_meta.py,2021-09-02 17:46:22+01:00,1,22,0,22
test_imagebackend.py,2021-05-12 10:50:52+08:00,1,5,3,8
test_init_host.py,2021-05-24 11:00:59+01:00,1,1,2,3
test_instance.py,2021-05-20 16:57:24+01:00,4,237,236,473
test_instance_action.py,2021-08-09 15:34:40+01:00,1,3,3,6
test_instance_actions.py,2021-05-12 16:32:43+01:00,2,19,15,34
test_instance_device_metadata.py,2021-08-09 15:34:40+01:00,1,1,1,2
test_instance_fault.py,2021-08-09 15:34:40+01:00,1,2,2,4
test_instance_group.py,2021-08-09 15:34:40+01:00,1,1,1,2
test_instance_info_cache.py,2021-08-09 15:34:40+01:00,1,1,1,2
test_instance_list.py,2021-08-09 15:34:40+01:00,1,3,3,6
test_instance_numa.py,2021-08-09 15:34:40+01:00,1,3,3,6
test_instance_pci_requests.py,2021-08-09 15:34:40+01:00,1,1,1,2
test_instance_usage_audit_log.py,2021-08-09 15:34:40+01:00,1,6,4,10
test_keypair.py,2021-05-24 11:00:59+01:00,3,97,211,308
test_keypairs.py,2021-05-24 11:00:59+01:00,3,65,71,136
test_libvirt.py,2021-05-24 11:00:29+01:00,2,6,6,12
test_list_servers_ip_filter.py,2021-05-12 16:32:43+01:00,1,2,4,6
test_live_migrate.py,2021-08-27 17:59:18+02:00,1,67,4,71
test_live_migration.py,2021-05-24 11:00:59+01:00,2,72,13,85
test_machine_type_utils.py,2021-05-20 16:57:24+01:00,1,2,1,3
test_manage.py,2021-06-17 01:57:12+00:00,10,756,116,872
test_manager.py,2021-06-29 12:24:41+01:00,4,1145,54,1199
test_metadata.py,2021-08-09 15:34:40+01:00,1,3,2,5
test_metrics.py,2021-05-24 11:00:59+01:00,1,2,3,5
test_middleware.py,2021-06-16 02:19:26+00:00,1,28,0,28
test_migrate.py,2021-08-27 17:59:18+02:00,1,6,2,8
test_migrate_data.py,2021-06-18 18:14:39+01:00,1,21,0,21
test_migrate_server.py,2021-06-04 09:03:43+02:00,4,24,11,35
test_migration.py,2021-05-24 11:00:29+01:00,11,402,176,578
test_migration_context.py,2021-08-09 15:34:40+01:00,1,3,3,6
test_migration_utils.py,2021-06-16 10:10:29+01:00,1,0,189,189
test_migrations.py,2021-07-05 11:05:04+01:00,18,647,502,1149
test_models.py,2021-08-09 15:34:40+01:00,3,5,4,9
test_net.py,2021-09-01 12:50:23+01:00,1,0,46,46
test_network_request.py,2021-08-05 15:58:25+08:00,1,22,4,26
test_neutron.py,2021-05-28 00:27:03+00:00,19,1354,324,1678
test_notification.py,2021-08-09 15:34:40+01:00,2,2,2,4
test_notifications.py,2021-05-24 11:00:59+01:00,3,61,63,124
test_nova_manage.py,2021-05-12 16:32:43+01:00,13,820,214,1034
test_numa_live_migration.py,2021-05-12 16:32:43+01:00,5,19,25,44
test_numa_servers.py,2021-05-12 16:32:43+01:00,8,184,55,239
test_objects.py,2021-05-12 10:50:52+08:00,6,9,9,18
test_pci_device.py,2021-08-09 15:34:40+01:00,1,6,7,13
test_pci_sriov_servers.py,2021-05-12 16:32:43+01:00,7,34,17,51
test_policy.py,2021-05-12 16:32:43+01:00,2,7,8,15
test_provider_config.py,2021-11-08 12:37:27+00:00,1,1,0,1
test_quota.py,2021-08-09 15:34:40+01:00,1,12,12,24
test_quota_model.py,2021-08-09 15:34:40+01:00,2,2,2,4
test_quotas.py,2021-07-05 11:10:09+01:00,2,21,20,41
test_rbd.py,2021-05-10 19:18:30+00:00,3,28,22,50
test_report.py,2021-06-03 19:29:34+00:00,4,67,36,103
test_report_client.py,2021-08-21 10:00:51+02:00,2,3,3,6
test_report_cpu_traits.py,2021-05-24 11:00:29+01:00,1,1,1,2
test_request_spec.py,2021-05-28 14:26:56+02:00,4,129,5,134
test_requestlog.py,2021-05-12 11:30:41+01:00,2,24,6,30
test_rescue.py,2021-09-01 09:09:58-05:00,1,17,4,21
test_reshape.py,2021-05-24 11:00:29+01:00,3,9,9,18
test_resource.py,2021-08-09 15:34:40+01:00,1,1,1,2
test_resource_tracker.py,2021-05-24 11:00:59+01:00,5,31,14,45
test_scheduler.py,2021-05-12 16:32:43+01:00,3,168,13,181
test_scheduler_utils.py,2021-08-23 16:52:28+01:00,1,0,519,519
test_secgroup.py,2021-05-12 16:32:43+01:00,1,1,2,3
test_security_group.py,2021-08-09 15:34:40+01:00,1,2,2,4
test_security_groups.py,2021-08-09 15:34:40+01:00,1,2,2,4
test_server_actions.py,2021-05-20 16:57:24+01:00,5,64,31,95
test_server_external_events.py,2021-05-24 11:00:59+01:00,1,4,5,9
test_server_faults.py,2021-05-12 16:32:43+01:00,1,1,2,3
test_server_group.py,2021-05-12 16:32:43+01:00,3,13,16,29
test_server_groups.py,2021-05-12 16:32:43+01:00,1,1,2,3
test_server_metadata.py,2021-08-09 15:34:40+01:00,1,36,36,72
test_server_migrations.py,2021-08-09 15:34:40+01:00,1,1,1,2
test_server_start_stop.py,2021-08-09 15:34:40+01:00,1,2,2,4
test_server_tags.py,2021-08-09 15:34:40+01:00,1,19,19,38
test_servers.py,2021-05-12 16:32:43+01:00,23,865,2717,3582
test_servers_resource_request.py,2021-08-21 09:38:44+02:00,18,3633,526,4159
test_service.py,2021-05-12 16:32:43+01:00,4,23,24,47
test_services.py,2021-05-12 16:32:43+01:00,5,38,32,70
test_shelve.py,2021-08-09 15:34:40+01:00,6,64,16,80
test_sqlalchemy_migration.py,2021-06-16 10:10:29+01:00,1,8,7,15
test_status.py,2021-05-12 16:32:43+01:00,1,1,2,3
test_suspend_server.py,2021-09-01 09:09:58-05:00,1,4,10,14
test_tag.py,2021-08-09 15:34:40+01:00,1,6,6,12
test_task_log.py,2021-08-09 15:34:40+01:00,1,4,4,8
test_test.py,2021-11-08 12:37:27+00:00,1,2,0,2
test_test_utils.py,2021-08-09 15:34:40+01:00,1,1,1,2
test_trusted_certs.py,2021-08-09 15:34:40+01:00,1,1,1,2
test_utils.py,2021-05-10 15:04:31-04:00,8,683,32,715
test_vgpu.py,2021-05-24 11:00:29+01:00,3,210,55,265
test_vif.py,2021-05-20 16:57:24+01:00,4,74,20,94
test_virt_drivers.py,2021-05-24 11:00:29+01:00,4,7,14,21
test_virtapi.py,2021-06-16 10:10:29+01:00,1,0,1,1
test_virtual_interface.py,2021-08-09 15:34:40+01:00,1,1,1,2
test_vm_util.py,2021-08-18 15:01:27+02:00,2,7,11,18
test_vmops.py,2021-11-08 12:37:27+00:00,1,5,0,5
test_volume.py,2021-05-24 11:00:29+01:00,2,8,9,17
test_volume_usage.py,2021-08-09 15:34:40+01:00,1,4,2,6
test_volumes.py,2021-08-24 12:07:41+01:00,3,101,12,113
test_vpmem.py,2021-05-24 11:00:29+01:00,2,4,4,8
test_websocketproxy.py,2021-05-14 17:26:00+02:00,3,81,14,95
test_wsgi_app.py,2021-08-09 15:34:40+01:00,2,9,5,14
tox.ini,2021-05-18 22:54:57+09:00,10,45,22,67
trusted_certs.py,2021-08-09 15:34:40+01:00,1,1,1,2
types.py,2021-07-05 11:05:04+01:00,2,21,8,29
update-volume-attachment-delete-flag-req.json,2021-08-24 12:07:41+01:00,1,10,0,10
update-volume-attachment-delete-flag-req.json.tpl,2021-08-24 12:07:41+01:00,1,10,0,10
update-volume-req.json.tpl,2021-08-24 12:07:41+01:00,1,5,0,5
upgrade-checks.rst,2021-08-17 13:49:18+01:00,1,96,86,182
upgrade.rst,2021-07-05 11:05:04+01:00,2,2,2,4
upgrades.rst,2021-08-17 13:49:18+01:00,1,53,74,127
utils.py,2021-05-12 10:50:52+08:00,9,153,138,291
uwsgi-gmr-c00631db79836340.yaml,2021-10-14 09:23:08+03:00,1,6,0,6
v21-version-get-resp.json,2021-08-24 12:07:41+01:00,1,1,1,2
vcpu_model.py,2021-08-09 15:34:40+01:00,1,1,1,2
versions-get-resp.json,2021-08-24 12:07:41+01:00,1,1,1,2
vif.py,2021-08-05 15:58:25+08:00,3,4,4,8
virt_device_metadata.py,2021-08-09 15:34:40+01:00,1,1,1,2
virtual-gpu.rst,2021-08-03 16:54:54+02:00,2,5,10,15
virtual_interface.py,2021-08-09 15:34:40+01:00,2,29,27,56
vm_util.py,2021-08-18 10:54:42+02:00,2,22,55,77
vmops.py,2021-08-18 10:54:42+02:00,2,9,21,30
volume-attachment-detail-resp.json,2021-08-24 12:07:41+01:00,1,11,0,11
volume-attachment-detail-resp.json.tpl,2021-08-24 12:07:41+01:00,1,11,0,11
volume.py,2021-11-08 12:37:27+00:00,1,3,0,3
volume_usage.py,2021-08-09 15:34:40+01:00,1,1,1,2
volumeops.py,2021-08-18 15:01:27+02:00,1,7,19,26
volumes.py,2021-07-04 16:00:55-05:00,3,70,64,134
websocketproxy.py,2021-05-14 17:26:00+02:00,2,24,6,30
weights.py,2021-11-08 12:37:27+00:00,1,1,0,1
workarounds.py,2021-08-20 13:35:53+01:00,3,10,64,74
wsgi.py,2021-09-01 09:09:58-05:00,1,9,0,9
wsgi_app.py,2021-10-14 09:23:08+03:00,1,8,2,10
xena-prelude-515ee8a9e1f71c18.yaml,2021-09-16 17:25:32+02:00,1,43,0,43
xena.rst,2021-09-17 14:44:10+00:00,1,6,0,6
